{"cameraMode":{"drawMode":0,"name":"Shaded","section":"Shading Mode"},"sceneLighting":false,"audioPlay":false,"sceneViewState":{"showFog":true,"showMaterialUpdate":false,"showSkybox":false,"showFlares":true,"showImageEffects":true,"showParticleSystems":true,"showVisualEffectGraphs":true,"m_FxEnabled":true},"in2DMode":false,"pivot":{"x":-0.18045800924301148,"y":1.7362275123596192,"z":-0.7208752632141113},"rotation":{"x":0.10629434138536453,"y":-0.00894864834845066,"z":0.0009566061780788004,"w":0.9942929744720459},"size":1.3850924968719483,"orthographic":false}